Street_One,Street_Two,address,lat,lng
MISSION ST,ITALY AVE,MISSION ST@ITALY AVE,37.7184779,-122.4395356
MISSION ST,NEW MONTGOMERY ST,MISSION ST@NEW MONTGOMERY ST,37.7874561,-122.4005234
MISSION ST,01ST ST,MISSION ST@01ST ST,37.7897755,-122.3975913
MISSION ST,20TH ST,MISSION ST@20TH ST,37.7586391,-122.4190804
MISSION ST,FREMONT ST,MISSION ST@FREMONT ST,37.7904547,-122.3967264
MISSION ST,13TH ST,MISSION ST@13TH ST,37.7699578,-122.4201876
MISSION ST,ERIE ST,MISSION ST@ERIE ST,37.7690631,-122.4200723
MISSION ST,BEALE ST,MISSION ST@BEALE ST,37.7911592,-122.3958262
MISSION ST,FAIR AVE,MISSION ST@FAIR AVE,37.7456748,-122.4198465
MISSION ST,SAINT MARYS AVE,MISSION ST@SAINT MARYS AVE,37.7339532,-122.4261421
MISSION ST,SENECA AVE,MISSION ST@SENECA AVE,37.7176754,-122.4401492
MISSION ST,ANTHONY ST,MISSION ST@ANTHONY ST,37.7883744,-122.3993622
MISSION ST,JESSIE EAST ST,MISSION ST@JESSIE EAST ST,37.7840079,-122.4048747
MISSION ST,SILVER AVE,MISSION ST@SILVER AVE,37.7287485,-122.4313198
MISSION ST,MOUNT VERNON AVE,MISSION ST@MOUNT VERNON AVE,37.7146065,-122.4426697
MISSION ST,30TH ST,MISSION ST@30TH ST,37.7423869,-122.4219821
MISSION ST,MAIN ST,MISSION ST@MAIN ST,37.7918484,-122.3949553
MISSION ST,TRUMBULL ST,MISSION ST@TRUMBULL ST,37.7307966,-122.4293345
MISSION ST,15TH ST,MISSION ST@15TH ST,37.7666804,-122.4198536
MISSION ST,KINGSTON ST,MISSION ST@KINGSTON ST,37.7417506,-122.4223917
MISSION ST,TINGLEY ST,MISSION ST@TINGLEY ST,37.7282519,-122.431806
MISSION ST,THERESA ST,MISSION ST@THERESA ST,37.7277166,-122.4324038
MISSION ST,PARK ST,MISSION ST@PARK ST,37.7367496,-122.4242484
MISSION ST,OLIVER ST,MISSION ST@OLIVER ST,37.7095562,-122.4505193
MISSION ST,STEUART ST,MISSION ST@STEUART ST,37.7932317,-122.3932047
MISSION ST,HURON AVE,MISSION ST@HURON AVE,37.7083052,-122.4541936
MISSION ST,SYCAMORE ST,MISSION ST@SYCAMORE ST,37.7627172,-122.4194705
MISSION ST,02ND ST,MISSION ST@02ND ST,37.7880171,-122.399817
MISSION ST,MINT ST,MISSION ST@MINT ST,37.7822028,-122.4071833
MISSION ST,GENEVA AVE,MISSION ST@GENEVA AVE,37.716494,-122.4410222
MISSION ST,CORTLAND AVE,MISSION ST@CORTLAND AVE,37.7410375,-122.4228531
MISSION ST,22ND ST,MISSION ST@22ND ST,37.7554447,-122.4187761
MISSION ST,06TH ST,MISSION ST@06TH ST,37.7809745,-122.4087337
MISSION ST,PRECITA AVE,MISSION ST@PRECITA AVE,37.7467814,-122.4191417
MISSION ST,17TH ST,MISSION ST@17TH ST,37.7634446,-122.4195422
MISSION ST,CASTLE MANOR AVE,MISSION ST@CASTLE MANOR AVE,37.7292307,-122.4308447
MISSION ST,ALLISON ST,MISSION ST@ALLISON ST,37.7146065,-122.4426697
MISSION ST,26TH ST,MISSION ST@26TH ST,37.749044,-122.4181659
MISSION ST,VIRGINIA AVE,MISSION ST@VIRGINIA AVE,37.743139,-122.4214971
MISSION ST,COTTER ST,MISSION ST@COTTER ST,37.7271822,-122.4329353
MISSION ST,WHIPPLE AVE,MISSION ST@WHIPPLE AVE,37.7107534,-122.4477074
MISSION ST,08TH ST,MISSION ST@08TH ST,10.5234609,76.2230862
MISSION ST,PLUM ST,MISSION ST@PLUM ST,37.77101,-122.4196634
MISSION ST,THE EMBARCADERO,MISSION ST@THE EMBARCADERO,37.7937056,-122.3926081
MISSION ST,19TH ST,MISSION ST@19TH ST,37.7602395,-122.4192312
MISSION ST,APPLETON AVE,MISSION ST@APPLETON AVE,37.7388435,-122.4239791
MISSION ST,OCEAN AVE,MISSION ST@OCEAN AVE,36.5551031,-121.92096
MISSION ST,GODEUS ST,MISSION ST@GODEUS ST,37.7428312,-122.4216954
MISSION ST,POPE ST,MISSION ST@POPE ST,37.7154464,-122.4418336
MISSION ST,FARRAGUT AVE,MISSION ST@FARRAGUT AVE,37.709959,-122.449354
MISSION ST,11TH ST,MISSION ST@11TH ST,37.7743325,-122.4171372
MISSION ST,EUGENIA AVE,MISSION ST@EUGENIA AVE,37.7422074,-122.4220972
MISSION ST,04TH ST,MISSION ST@04TH ST,37.784516,-122.4042942
MISSION ST,FRANCE AVE,MISSION ST@FRANCE AVE,37.7200367,-122.4383505
MISSION ST,LASKIE ST,MISSION ST@LASKIE ST,37.7767134,-122.4141239
MISSION ST,29TH ST,MISSION ST@29TH ST,37.744038,-122.4209151
MISSION ST,RUSSIA AVE,MISSION ST@RUSSIA AVE,37.7215808,-122.4371766
MISSION ST,ONONDAGA AVE,MISSION ST@ONONDAGA AVE,37.7211696,-122.437489
MISSION ST,ANNIE ST,MISSION ST@ANNIE ST,37.7868392,-122.4012785
MISSION ST,21ST ST,MISSION ST@21ST ST,37.7570409,-122.4189268
MISSION ST,CLARION ALY,MISSION ST@CLARION ALY,37.7630637,-122.4195044
MISSION ST,NAGLEE AVE,MISSION ST@NAGLEE AVE,37.7116056,-122.446115
MISSION ST,ADMIRAL AVE,MISSION ST@ADMIRAL AVE,37.729844,-122.4301774
MISSION ST,RICHLAND AVE,MISSION ST@RICHLAND AVE,37.7359467,-122.424527
MISSION ST,LOWELL ST,MISSION ST@LOWELL ST,37.7114504,-122.4464132
MISSION ST,SAN JUAN AVE,MISSION ST@SAN JUAN AVE,37.7240279,-122.4353296
MISSION ST,14TH ST,MISSION ST@14TH ST,37.7682842,-122.4200074
MISSION ST,CONCORD ST,MISSION ST@CONCORD ST,37.7139529,-122.4433752
MISSION ST,HIGHLAND AVE,MISSION ST@HIGHLAND AVE,37.7373612,-122.4240484
MISSION ST,10TH ST,MISSION ST@10TH ST,37.7752838,-122.4159371
MISSION ST,LAWRENCE AVE,MISSION ST@LAWRENCE AVE,37.7094211,-122.450913
MISSION ST,AMAZON AVE,MISSION ST@AMAZON AVE,37.7172741,-122.4404528
MISSION ST,ECKER ST,MISSION ST@ECKER ST,37.789179,-122.3983379
MISSION ST,SHAW ALY,MISSION ST@SHAW ALY,37.7889865,-122.3985861
MISSION ST,AVALON AVE,MISSION ST@AVALON AVE,37.727656,-122.4324727
MISSION ST,FRANCIS ST,MISSION ST@FRANCIS ST,37.7265972,-122.4333851
MISSION ST,LAFAYETTE ST,MISSION ST@LAFAYETTE ST,37.7734886,-122.4180521
MISSION ST,JESSIE WEST ST,MISSION ST@JESSIE WEST ST,37.7840079,-122.4048747
MISSION ST,COLLEGE AVE,MISSION ST@COLLEGE AVE,37.7353057,-122.4248058
MISSION ST,03RD ST,MISSION ST@03RD ST,37.7852881,-122.4034184
MISSION ST,HARRINGTON ST,MISSION ST@HARRINGTON ST,37.7251752,-122.4344615
MISSION ST,COLLEGE TER,MISSION ST@COLLEGE TER,37.7342953,-122.425813
MISSION ST,VALENCIA ST,MISSION ST@VALENCIA ST,37.7453457,-122.4200744
MISSION ST,NEY ST,MISSION ST@NEY ST,37.7300097,-122.4301161
MISSION ST,12TH ST,MISSION ST@12TH ST,37.7730672,-122.4187201
MISSION ST,25TH ST,MISSION ST@25TH ST,37.7506482,-122.4183159
MISSION ST,MARY ST,MISSION ST@MARY ST,37.7821284,-122.407276
MISSION ST,SPEAR ST,MISSION ST@SPEAR ST,37.7925297,-122.3940905
MISSION ST,ROLPH ST,MISSION ST@ROLPH ST,37.7157674,-122.4415835
MISSION ST,07TH ST,MISSION ST@07TH ST,37.7792143,-122.4109628
MISSION ST,NORTON ST,MISSION ST@NORTON ST,37.7245926,-122.4349007
MISSION ST,RUTH ST,MISSION ST@RUTH ST,37.7230498,-122.4360681
MISSION ST,BRAZIL AVE,MISSION ST@BRAZIL AVE,37.7246879,-122.4348243
MISSION ST,GUTTENBERG ST,MISSION ST@GUTTENBERG ST,37.7127826,-122.4446016
MISSION ST,23RD ST,MISSION ST@23RD ST,37.7538455,-122.4186194
MISSION ST,RANDALL ST,MISSION ST@RANDALL ST,37.7397793,-122.4236755
MISSION ST,PERSIA AVE,MISSION ST@PERSIA AVE,37.7231529,-122.4360018
MISSION ST,16TH ST,MISSION ST@16TH ST,37.7650579,-122.419705
MISSION ST,YERBA BUENA LN,MISSION ST@YERBA BUENA LN,37.7851382,-122.4035058
MISSION ST,LAURA ST,MISSION ST@LAURA ST,37.709688,-122.4501243
MISSION ST,18TH ST,MISSION ST@18TH ST,37.7618426,-122.4193887
MISSION ST,LEO ST,MISSION ST@LEO ST,37.7224637,-122.4365095
MISSION ST,POWERS AVE,MISSION ST@POWERS AVE,37.7461855,-122.4195241
MISSION ST,SANTA ROSA AVE,MISSION ST@SANTA ROSA AVE,37.7257734,-122.4340038
MISSION ST,FLORENTINE AVE,MISSION ST@FLORENTINE AVE,37.7133857,-122.4439655
MISSION ST,FOOTE AVE,MISSION ST@FOOTE AVE,37.7126339,-122.44477
MISSION ST,BOSWORTH ST,MISSION ST@BOSWORTH ST,37.7336846,-122.426396
MISSION ST,EXCELSIOR AVE,MISSION ST@EXCELSIOR AVE,37.7262585,-122.4336436
MISSION ST,WASHBURN ST,MISSION ST@WASHBURN ST,37.7759,-122.4151529
MISSION ST,MORSE ST,MISSION ST@MORSE ST,37.7104244,-122.4483197
MISSION ST,ANGELOS ALY,MISSION ST@ANGELOS ALY,37.77813,-122.4123278
MISSION ST,BROOK ST,MISSION ST@BROOK ST,37.7406489,-122.4231052
MISSION ST,09TH ST,MISSION ST@09TH ST,37.7762211,-122.4147406
MISSION ST,OTTAWA AVE,MISSION ST@OTTAWA AVE,37.7136048,-122.4437359
MISSION ST,NIAGARA AVE,MISSION ST@NIAGARA AVE,37.7155866,-122.4417275
MISSION ST,ACTON ST,MISSION ST@ACTON ST,37.7087851,-122.4527694
MISSION ST,05TH ST,MISSION ST@05TH ST,37.782741,-122.4065125
MISSION ST,24TH ST,MISSION ST@24TH ST,37.7522493,-122.4184588
MISSION ST,GRACE ST,MISSION ST@GRACE ST,37.7756099,-122.4155178
